default_sp,
default_mp,
tst_audio_hell,
spl_ui,
mpl_ui,
mpl_common,
spl_hue_city,spl_hue_city
mpl_cracked,mpl_cracked
spl_fullahead,spl_fullahead
mpl_cosmodrome,mpl_cosmodrome
spl_creek_1,spl_creek_1
spl_flashpoint,spl_flashpoint
zmb_common,
mpl_jungle,mpl_jungle
zmb_cosmodrome,spl_flashpoint
mpl_nuked,mpl_nuked
mpl_radiation,mpl_radiation
spl_wmd,spl_wmd
spl_pow,spl_pow
tst_whitenoise,
mpl_duga,mpl_duga
spl_pentagon,spl_pentagon
mpl_havoc,mpl_havoc
mpl_havana,
mpl_hanoi,mpl_hanoi
mpl_berlinwall,
mpl_mountain,mpl_mountain
tst_dds,
zmb_mountain,
spl_rebirth,spl_rebirth
spl_khe_sanh,spl_khe_sanh
mpl_crisis,mpl_crisis
mpl_array,mpl_array
mpl_firingrange,mpl_firingrange
mpl_hotel,mpl_hotel
mpl_munich,
mpl_russianbase,mpl_russianbase
mpl_villa,mpl_villa
spl_frontend,
spl_cuba,spl_cuba
spl_int_escape,spl_int_escape
spl_kowloon,spl_kowloon
spl_river,spl_river
spl_underwaterbase,spl_underwaterbase
spl_vorkuta,spl_vorkuta
mpl_discovery,mpl_discovery
spl_wmd_sr71,spl_wmd
zmb_tron,
zmb_theater,zmb_theater
zmb_pentagon,zmb_theater
mpl_cairo,mpl_cairo
mpl_cosmo,
mpl_kowloon,spl_kowloon
mpl_berlinwall2,mpl_cairo
mpl_stadium,mpl_stadium
mpl_outskirts,mpl_outskirts
zmb_temple,zmb_temple
zmb_test_cdr,
mpl_firebase,spl_khe_sanh,mpl_firebase
mpl_gridlock,mpl_gridlock
mpl_salvage,
mpl_zoo,mpl_zoo
mpl_silo,mpl_silo
zmb_coast,spl_fullahead
mpl_area51,mpl_area51
mpl_drivein,
